{
	"info": {
		"_postman_id": "0670aa17-9816-4216-be3f-a08cbbd60331",
		"name": "My First collection",
		"schema": "https://schema.getpostman.com/json/collection/v2.1.0/collection.json",
		"_exporter_id": "31710073"
	},
	"item": [
		{
			"name": "My first request",
			"request": {
				"auth": {
					"type": "apikey",
					"apikey": [
						{
							"key": "value",
							"value": "uY6LfmIzguX6DZ7hVfSwkQbAVedsjvzs41DcJAuHq",
							"type": "string"
						},
						{
							"key": "key",
							"value": "X-Auth-Token",
							"type": "string"
						}
					]
				},
				"method": "GET",
				"header": [],
				"url": {
					"raw": "https://api.paste.ee/v1/pastes/{{Myenv}}",
					"protocol": "https",
					"host": [
						"api",
						"paste",
						"ee"
					],
					"path": [
						"v1",
						"pastes",
						"{{Myenv}}"
					],
					"query": [
						{
							"key": "X-Auth-Token",
							"value": "uY6LfmIzguX6DZ7hVfSwkQbAVedsjvzs41DcJAuHq",
							"description": "I love Rick and Morty",
							"disabled": true
						},
						{
							"key": "1",
							"value": "aUJTCTpSgWQfi34hIwkvPb9EfmZb09dk2X7dOIbZi",
							"disabled": true
						}
					]
				}
			},
			"response": []
		},
		{
			"name": "My new request",
			"request": {
				"auth": {
					"type": "apikey",
					"apikey": [
						{
							"key": "value",
							"value": "uY6LfmIzguX6DZ7hVfSwkQbAVedsjvzs41DcJAuHq",
							"type": "string"
						},
						{
							"key": "key",
							"value": "X-Auth-Token",
							"type": "string"
						}
					]
				},
				"method": "GET",
				"header": [],
				"url": {
					"raw": "https://api.paste.ee/v1/pastes",
					"protocol": "https",
					"host": [
						"api",
						"paste",
						"ee"
					],
					"path": [
						"v1",
						"pastes"
					]
				}
			},
			"response": []
		},
		{
			"name": "My post request",
			"request": {
				"auth": {
					"type": "apikey",
					"apikey": [
						{
							"key": "value",
							"value": "uY6LfmIzguX6DZ7hVfSwkQbAVedsjvzs41DcJAuHq",
							"type": "string"
						},
						{
							"key": "key",
							"value": "X-Auth-Token",
							"type": "string"
						}
					]
				},
				"method": "POST",
				"header": [],
				"body": {
					"mode": "raw",
					"raw": " {\"encrypted\": false, \"description\":\"ILOVEYOU\",\"sections\":\r\n[{\"name\":\"whoareyou\",\"syntax\":\"autodetect\",\"contents\":\"TESVAAAN!\"}]}",
					"options": {
						"raw": {
							"language": "json"
						}
					}
				},
				"url": {
					"raw": "https://api.paste.ee/v1/pastes",
					"protocol": "https",
					"host": [
						"api",
						"paste",
						"ee"
					],
					"path": [
						"v1",
						"pastes"
					]
				}
			},
			"response": []
		},
		{
			"name": "My last endpoint",
			"request": {
				"auth": {
					"type": "apikey",
					"apikey": [
						{
							"key": "value",
							"value": "uY6LfmIzguX6DZ7hVfSwkQbAVedsjvzs41DcJAuHq",
							"type": "string"
						},
						{
							"key": "key",
							"value": "X-Auth-Token",
							"type": "string"
						}
					]
				},
				"method": "DELETE",
				"header": [],
				"url": {
					"raw": "https://api.paste.ee/v1/pastes/{{id}}",
					"protocol": "https",
					"host": [
						"api",
						"paste",
						"ee"
					],
					"path": [
						"v1",
						"pastes",
						"{{id}}"
					]
				}
			},
			"response": []
		}
	]
}